{"cameraMode":{"drawMode":0,"name":"Shaded","section":"Shading Mode"},"sceneLighting":true,"audioPlay":false,"sceneViewState":{"showFog":true,"showMaterialUpdate":false,"showSkybox":true,"showFlares":true,"showImageEffects":true,"showParticleSystems":true},"in2DMode":false,"pivot":{"x":310.8782958984375,"y":213.2387237548828,"z":291.8643798828125},"rotation":{"x":-0.05080767720937729,"y":0.1323537677526474,"z":0.0068010855466127399,"w":0.9899030327796936},"size":433.2807922363281,"orthographic":false}